Driver,Stint,Compound,TyreLife,LapNumber,PitInTime,PitOutTime,Round,Session
RUS,1.0,INTERMEDIATE,1.0,1.0,,0 days 00:13:30.333000,12,Q
RUS,1.0,INTERMEDIATE,2.0,2.0,,,12,Q
RUS,1.0,INTERMEDIATE,3.0,3.0,,,12,Q
RUS,1.0,INTERMEDIATE,4.0,4.0,,,12,Q
RUS,1.0,INTERMEDIATE,5.0,5.0,0 days 00:22:24.033000,,12,Q
RUS,2.0,SOFT,1.0,6.0,0 days 00:25:04.455000,0 days 00:23:04.104000,12,Q
RUS,3.0,SOFT,1.0,7.0,,0 days 00:33:04.674000,12,Q
RUS,3.0,SOFT,2.0,8.0,,,12,Q
RUS,3.0,SOFT,3.0,9.0,,,12,Q
RUS,3.0,SOFT,4.0,10.0,,,12,Q
RUS,3.0,SOFT,5.0,11.0,0 days 00:41:09.032000,,12,Q
RUS,4.0,SOFT,6.0,12.0,,0 days 00:48:33.777000,12,Q
RUS,4.0,SOFT,7.0,13.0,,,12,Q
RUS,4.0,SOFT,8.0,14.0,,,12,Q
RUS,4.0,SOFT,9.0,15.0,0 days 00:54:55.482000,,12,Q
RUS,5.0,SOFT,1.0,16.0,,0 days 00:56:17.073000,12,Q
RUS,5.0,SOFT,2.0,17.0,,,12,Q
RUS,5.0,SOFT,3.0,18.0,,,12,Q
RUS,5.0,SOFT,4.0,19.0,,,12,Q
RUS,5.0,SOFT,5.0,20.0,0 days 01:04:37.748000,,12,Q
RUS,6.0,SOFT,1.0,21.0,,0 days 01:12:11.157000,12,Q
RUS,6.0,SOFT,2.0,22.0,,,12,Q
RUS,6.0,SOFT,3.0,23.0,0 days 01:17:06.992000,,12,Q
RUS,7.0,SOFT,1.0,24.0,,0 days 01:19:42.872000,12,Q
RUS,7.0,SOFT,2.0,25.0,,,12,Q
RUS,7.0,SOFT,3.0,26.0,0 days 01:24:55.397000,,12,Q
HAM,1.0,INTERMEDIATE,1.0,1.0,,0 days 00:13:27.607000,12,Q
HAM,1.0,INTERMEDIATE,2.0,2.0,,,12,Q
HAM,1.0,INTERMEDIATE,3.0,3.0,,,12,Q
HAM,1.0,INTERMEDIATE,4.0,4.0,,,12,Q
HAM,1.0,INTERMEDIATE,5.0,5.0,0 days 00:22:12.579000,,12,Q
HAM,2.0,SOFT,1.0,6.0,0 days 00:24:51.705000,0 days 00:22:52.793000,12,Q
HAM,3.0,SOFT,1.0,7.0,,0 days 00:32:54.328000,12,Q
HAM,3.0,SOFT,2.0,8.0,,,12,Q
HAM,3.0,SOFT,3.0,9.0,,,12,Q
HAM,3.0,SOFT,4.0,10.0,,,12,Q
HAM,3.0,SOFT,5.0,11.0,0 days 00:40:59.663000,,12,Q
HAM,4.0,SOFT,6.0,12.0,,0 days 00:48:24.766000,12,Q
HAM,4.0,SOFT,7.0,13.0,,,12,Q
HAM,4.0,SOFT,8.0,14.0,,,12,Q
HAM,4.0,SOFT,9.0,15.0,0 days 00:54:40.314000,,12,Q
HAM,5.0,SOFT,1.0,16.0,,0 days 00:56:22.349000,12,Q
HAM,5.0,SOFT,2.0,17.0,,,12,Q
HAM,5.0,SOFT,3.0,18.0,,,12,Q
HAM,5.0,SOFT,4.0,19.0,0 days 01:03:11.804000,,12,Q
HAM,6.0,SOFT,1.0,20.0,,0 days 01:11:56.239000,12,Q
HAM,6.0,SOFT,2.0,21.0,,,12,Q
HAM,6.0,SOFT,3.0,22.0,0 days 01:16:47.625000,,12,Q
HAM,7.0,SOFT,1.0,23.0,,0 days 01:19:30.098000,12,Q
HAM,7.0,SOFT,2.0,24.0,,,12,Q
HAM,7.0,SOFT,3.0,25.0,0 days 01:24:38.231000,,12,Q
NOR,1.0,INTERMEDIATE,1.0,1.0,,0 days 00:14:34.536000,12,Q
NOR,1.0,INTERMEDIATE,2.0,2.0,,,12,Q
NOR,1.0,INTERMEDIATE,3.0,3.0,,,12,Q
NOR,1.0,INTERMEDIATE,4.0,4.0,,,12,Q
NOR,1.0,INTERMEDIATE,5.0,5.0,0 days 00:23:53.004000,,12,Q
NOR,2.0,SOFT,1.0,6.0,,0 days 00:32:37.903000,12,Q
NOR,2.0,SOFT,2.0,7.0,,,12,Q
NOR,2.0,SOFT,3.0,8.0,,,12,Q
NOR,2.0,SOFT,4.0,9.0,0 days 00:39:08.211000,,12,Q
NOR,3.0,SOFT,5.0,10.0,,0 days 00:48:45.073000,12,Q
NOR,3.0,SOFT,6.0,11.0,,,12,Q
NOR,3.0,SOFT,7.0,12.0,0 days 00:53:39.205000,,12,Q
NOR,4.0,SOFT,1.0,13.0,,0 days 00:54:42.510000,12,Q
NOR,4.0,SOFT,2.0,14.0,,,12,Q
NOR,4.0,SOFT,3.0,15.0,,,12,Q
NOR,4.0,SOFT,4.0,16.0,,,12,Q
NOR,4.0,SOFT,5.0,17.0,0 days 01:03:16.470000,,12,Q
NOR,5.0,SOFT,1.0,18.0,,0 days 01:11:26.109000,12,Q
NOR,5.0,SOFT,2.0,19.0,,,12,Q
NOR,5.0,SOFT,3.0,20.0,0 days 01:16:11.637000,,12,Q
NOR,6.0,SOFT,1.0,21.0,,0 days 01:19:40.945000,12,Q
NOR,6.0,SOFT,2.0,22.0,0 days 01:22:51.860000,,12,Q
VER,1.0,INTERMEDIATE,1.0,1.0,,0 days 00:13:37.696000,12,Q
VER,1.0,INTERMEDIATE,2.0,2.0,,,12,Q
VER,1.0,INTERMEDIATE,3.0,3.0,,,12,Q
VER,1.0,INTERMEDIATE,4.0,4.0,,,12,Q
VER,1.0,INTERMEDIATE,5.0,5.0,0 days 00:22:27.490000,,12,Q
VER,2.0,SOFT,1.0,6.0,,0 days 00:33:17.106000,12,Q
VER,2.0,SOFT,2.0,7.0,,,12,Q
VER,2.0,SOFT,3.0,8.0,,,12,Q
VER,2.0,SOFT,4.0,9.0,,,12,Q
VER,2.0,SOFT,5.0,10.0,0 days 00:41:35.613000,,12,Q
VER,3.0,SOFT,1.0,11.0,,0 days 00:48:11.726000,12,Q
VER,3.0,SOFT,2.0,12.0,,,12,Q
VER,3.0,SOFT,3.0,13.0,,,12,Q
VER,3.0,SOFT,4.0,14.0,,,12,Q
VER,3.0,SOFT,5.0,15.0,0 days 00:56:21.237000,,12,Q
VER,4.0,SOFT,1.0,16.0,,0 days 00:59:32.502000,12,Q
VER,4.0,SOFT,2.0,17.0,,,12,Q
VER,4.0,SOFT,3.0,18.0,0 days 01:04:26.250000,,12,Q
VER,5.0,SOFT,1.0,19.0,,0 days 01:10:59.990000,12,Q
VER,5.0,SOFT,2.0,20.0,,,12,Q
VER,5.0,SOFT,3.0,21.0,0 days 01:15:52.121000,,12,Q
VER,6.0,SOFT,1.0,22.0,,0 days 01:19:21.918000,12,Q
VER,6.0,SOFT,2.0,23.0,,,12,Q
VER,6.0,SOFT,3.0,24.0,0 days 01:24:26.769000,,12,Q
PIA,1.0,INTERMEDIATE,1.0,1.0,,0 days 00:14:23.899000,12,Q
PIA,1.0,INTERMEDIATE,2.0,2.0,,,12,Q
PIA,1.0,INTERMEDIATE,3.0,3.0,,,12,Q
PIA,1.0,INTERMEDIATE,4.0,4.0,,,12,Q
PIA,1.0,INTERMEDIATE,5.0,5.0,0 days 00:23:34.342000,,12,Q
PIA,2.0,SOFT,1.0,6.0,,0 days 00:32:25.723000,12,Q
PIA,2.0,SOFT,2.0,7.0,,,12,Q
PIA,2.0,SOFT,3.0,8.0,,,12,Q
PIA,2.0,SOFT,4.0,9.0,0 days 00:38:46.861000,,12,Q
PIA,3.0,SOFT,5.0,10.0,,0 days 00:47:53.940000,12,Q
PIA,3.0,SOFT,6.0,11.0,,,12,Q
PIA,3.0,SOFT,7.0,12.0,0 days 00:52:46.301000,,12,Q
PIA,4.0,SOFT,1.0,13.0,,0 days 00:53:18.264000,12,Q
PIA,4.0,SOFT,2.0,14.0,,,12,Q
PIA,4.0,SOFT,3.0,15.0,,,12,Q
PIA,4.0,SOFT,4.0,16.0,,,12,Q
PIA,4.0,SOFT,5.0,17.0,,,12,Q
PIA,4.0,SOFT,6.0,18.0,0 days 01:03:40.427000,,12,Q
PIA,5.0,SOFT,1.0,19.0,,0 days 01:11:04.419000,12,Q
PIA,5.0,SOFT,2.0,20.0,,,12,Q
PIA,5.0,SOFT,3.0,21.0,0 days 01:16:08.720000,,12,Q
PIA,6.0,SOFT,1.0,22.0,,0 days 01:19:49.992000,12,Q
PIA,6.0,SOFT,2.0,23.0,,,12,Q
PIA,6.0,SOFT,3.0,24.0,0 days 01:24:59.045000,,12,Q
HUL,1.0,SOFT,1.0,1.0,,0 days 00:32:05.309000,12,Q
HUL,1.0,SOFT,2.0,2.0,,,12,Q
HUL,1.0,SOFT,3.0,3.0,0 days 00:37:21.282000,,12,Q
HUL,2.0,SOFT,1.0,4.0,,0 days 00:47:34.020000,12,Q
HUL,2.0,SOFT,2.0,5.0,,,12,Q
HUL,2.0,SOFT,3.0,6.0,0 days 00:52:15.533000,,12,Q
HUL,3.0,SOFT,1.0,7.0,,0 days 00:55:20.248000,12,Q
HUL,3.0,SOFT,2.0,8.0,,,12,Q
HUL,3.0,SOFT,3.0,9.0,,,12,Q
HUL,3.0,SOFT,4.0,10.0,,,12,Q
HUL,3.0,SOFT,5.0,11.0,0 days 01:03:25.672000,,12,Q
HUL,4.0,SOFT,1.0,12.0,,0 days 01:11:44.645000,12,Q
HUL,4.0,SOFT,2.0,13.0,,,12,Q
HUL,4.0,SOFT,3.0,14.0,0 days 01:16:39.268000,,12,Q
HUL,5.0,SOFT,1.0,15.0,,0 days 01:19:04.605000,12,Q
HUL,5.0,SOFT,2.0,16.0,,,12,Q
HUL,5.0,SOFT,3.0,17.0,0 days 01:24:16.777000,,12,Q
SAI,1.0,INTERMEDIATE,1.0,1.0,,0 days 00:13:51.680000,12,Q
SAI,1.0,INTERMEDIATE,2.0,2.0,,,12,Q
SAI,1.0,INTERMEDIATE,3.0,3.0,,,12,Q
SAI,1.0,INTERMEDIATE,4.0,4.0,0 days 00:21:16.902000,,12,Q
SAI,2.0,SOFT,1.0,5.0,0 days 00:24:14.665000,0 days 00:22:16.695000,12,Q
SAI,3.0,SOFT,1.0,6.0,,0 days 00:33:24.163000,12,Q
SAI,3.0,SOFT,2.0,7.0,,,12,Q
SAI,3.0,SOFT,3.0,8.0,,,12,Q
SAI,3.0,SOFT,4.0,9.0,,,12,Q
SAI,3.0,SOFT,5.0,10.0,0 days 00:41:37.411000,,12,Q
SAI,4.0,SOFT,2.0,11.0,,0 days 00:48:14.068000,12,Q
SAI,4.0,SOFT,3.0,12.0,,,12,Q
SAI,4.0,SOFT,4.0,13.0,,,12,Q
SAI,4.0,SOFT,5.0,14.0,,,12,Q
SAI,4.0,SOFT,6.0,15.0,0 days 00:56:32.044000,,12,Q
SAI,5.0,SOFT,1.0,16.0,,0 days 00:58:52.093000,12,Q
SAI,5.0,SOFT,2.0,17.0,,,12,Q
SAI,5.0,SOFT,3.0,18.0,0 days 01:03:52.822000,,12,Q
SAI,6.0,SOFT,1.0,19.0,,0 days 01:11:31.539000,12,Q
SAI,6.0,SOFT,2.0,20.0,,,12,Q
SAI,6.0,SOFT,3.0,21.0,0 days 01:16:23.813000,,12,Q
SAI,7.0,SOFT,1.0,22.0,,0 days 01:19:53.756000,12,Q
SAI,7.0,SOFT,2.0,23.0,,,12,Q
SAI,7.0,SOFT,3.0,24.0,0 days 01:24:56.311000,,12,Q
STR,1.0,INTERMEDIATE,1.0,1.0,,0 days 00:13:41.843000,12,Q
STR,1.0,INTERMEDIATE,2.0,2.0,,,12,Q
STR,1.0,INTERMEDIATE,3.0,3.0,,,12,Q
STR,1.0,INTERMEDIATE,4.0,4.0,,,12,Q
STR,1.0,INTERMEDIATE,5.0,5.0,0 days 00:25:25.942000,0 days 00:23:19.043000,12,Q
STR,3.0,SOFT,1.0,6.0,,0 days 00:32:08.459000,12,Q
STR,3.0,SOFT,2.0,7.0,,,12,Q
STR,3.0,SOFT,3.0,8.0,,,12,Q
STR,3.0,SOFT,4.0,9.0,,,12,Q
STR,3.0,SOFT,5.0,10.0,0 days 00:40:29.647000,,12,Q
STR,4.0,SOFT,1.0,11.0,,0 days 00:47:15.715000,12,Q
STR,4.0,SOFT,2.0,12.0,,,12,Q
STR,4.0,SOFT,3.0,13.0,,,12,Q
STR,4.0,SOFT,4.0,14.0,,,12,Q
STR,4.0,SOFT,5.0,15.0,0 days 00:55:31.457000,,12,Q
STR,5.0,SOFT,2.0,16.0,,0 days 00:59:20.465000,12,Q
STR,5.0,SOFT,3.0,17.0,,,12,Q
STR,5.0,SOFT,4.0,18.0,0 days 01:04:49.040000,,12,Q
STR,6.0,SOFT,5.0,19.0,,0 days 01:11:37.324000,12,Q
STR,6.0,SOFT,6.0,20.0,,,12,Q
STR,6.0,SOFT,7.0,21.0,0 days 01:16:41.359000,,12,Q
STR,7.0,SOFT,1.0,22.0,,0 days 01:19:00.073000,12,Q
STR,7.0,SOFT,2.0,23.0,,,12,Q
STR,7.0,SOFT,3.0,24.0,0 days 01:24:08.594000,,12,Q
ALB,1.0,INTERMEDIATE,1.0,1.0,,0 days 00:14:39.973000,12,Q
ALB,1.0,INTERMEDIATE,2.0,2.0,,,12,Q
ALB,1.0,INTERMEDIATE,3.0,3.0,,,12,Q
ALB,1.0,INTERMEDIATE,4.0,4.0,0 days 00:22:06.633000,,12,Q
ALB,2.0,SOFT,1.0,5.0,0 days 00:24:49.822000,0 days 00:22:46.844000,12,Q
ALB,3.0,SOFT,1.0,6.0,,0 days 00:33:38.128000,12,Q
ALB,3.0,SOFT,2.0,7.0,,,12,Q
ALB,3.0,SOFT,3.0,8.0,,,12,Q
ALB,3.0,SOFT,4.0,9.0,0 days 00:40:41.764000,,12,Q
ALB,4.0,SOFT,2.0,10.0,,0 days 00:46:53.458000,12,Q
ALB,4.0,SOFT,3.0,11.0,,,12,Q
ALB,4.0,SOFT,4.0,12.0,,,12,Q
ALB,4.0,SOFT,5.0,13.0,,,12,Q
ALB,4.0,SOFT,6.0,14.0,0 days 00:55:04.632000,,12,Q
ALB,5.0,SOFT,1.0,15.0,,0 days 00:57:46.143000,12,Q
ALB,5.0,SOFT,2.0,16.0,,,12,Q
ALB,5.0,SOFT,3.0,17.0,0 days 01:02:48.415000,,12,Q
ALB,6.0,SOFT,5.0,18.0,,0 days 01:10:52.772000,12,Q
ALB,6.0,SOFT,6.0,19.0,,,12,Q
ALB,6.0,SOFT,7.0,20.0,0 days 01:15:54.521000,,12,Q
ALB,7.0,SOFT,1.0,21.0,,0 days 01:18:57.469000,12,Q
ALB,7.0,SOFT,2.0,22.0,,,12,Q
ALB,7.0,SOFT,3.0,23.0,0 days 01:24:01.237000,,12,Q
ALO,1.0,INTERMEDIATE,1.0,1.0,,0 days 00:13:34.939000,12,Q
ALO,1.0,INTERMEDIATE,2.0,2.0,,,12,Q
ALO,1.0,INTERMEDIATE,3.0,3.0,,,12,Q
ALO,1.0,INTERMEDIATE,4.0,4.0,,,12,Q
ALO,1.0,INTERMEDIATE,5.0,5.0,0 days 00:22:36.105000,,12,Q
ALO,2.0,SOFT,1.0,6.0,0 days 00:25:17.215000,0 days 00:23:10.032000,12,Q
ALO,3.0,SOFT,1.0,7.0,,0 days 00:32:16.802000,12,Q
ALO,3.0,SOFT,2.0,8.0,,,12,Q
ALO,3.0,SOFT,3.0,9.0,,,12,Q
ALO,3.0,SOFT,4.0,10.0,,,12,Q
ALO,3.0,SOFT,5.0,11.0,0 days 00:40:58.466000,,12,Q
ALO,4.0,SOFT,1.0,12.0,,0 days 00:47:23.351000,12,Q
ALO,4.0,SOFT,2.0,13.0,,,12,Q
ALO,4.0,SOFT,3.0,14.0,,,12,Q
ALO,4.0,SOFT,4.0,15.0,,,12,Q
ALO,4.0,SOFT,5.0,16.0,0 days 00:55:39.323000,,12,Q
ALO,5.0,SOFT,2.0,17.0,,0 days 00:59:11.373000,12,Q
ALO,5.0,SOFT,3.0,18.0,,,12,Q
ALO,5.0,SOFT,4.0,19.0,0 days 01:04:16.496000,,12,Q
ALO,6.0,SOFT,5.0,20.0,,0 days 01:11:08.865000,12,Q
ALO,6.0,SOFT,6.0,21.0,,,12,Q
ALO,6.0,SOFT,7.0,22.0,0 days 01:16:02.764000,,12,Q
ALO,7.0,SOFT,1.0,23.0,,0 days 01:19:57.851000,12,Q
ALO,7.0,SOFT,2.0,24.0,0 days 01:23:09.134000,,12,Q
LEC,1.0,INTERMEDIATE,1.0,1.0,,0 days 00:13:48.988000,12,Q
LEC,1.0,INTERMEDIATE,2.0,2.0,,,12,Q
LEC,1.0,INTERMEDIATE,3.0,3.0,0 days 00:19:26.610000,,12,Q
LEC,2.0,SOFT,1.0,4.0,,0 days 00:19:56.941000,12,Q
LEC,2.0,SOFT,2.0,5.0,0 days 00:25:47.359000,,12,Q
LEC,3.0,SOFT,1.0,6.0,,0 days 00:33:28.637000,12,Q
LEC,3.0,SOFT,2.0,7.0,,,12,Q
LEC,3.0,SOFT,3.0,8.0,,,12,Q
LEC,3.0,SOFT,4.0,9.0,,,12,Q
LEC,3.0,SOFT,5.0,10.0,0 days 00:41:49.919000,,12,Q
LEC,4.0,SOFT,3.0,11.0,,0 days 00:48:02.219000,12,Q
LEC,4.0,SOFT,4.0,12.0,,,12,Q
LEC,4.0,SOFT,5.0,13.0,,,12,Q
LEC,4.0,SOFT,6.0,14.0,,,12,Q
LEC,4.0,SOFT,7.0,15.0,0 days 00:56:05.666000,,12,Q
LEC,5.0,SOFT,1.0,16.0,,0 days 00:58:47.559000,12,Q
LEC,5.0,SOFT,2.0,17.0,,,12,Q
LEC,5.0,SOFT,3.0,18.0,0 days 01:03:45.301000,,12,Q
SAR,1.0,INTERMEDIATE,1.0,1.0,,0 days 00:12:48.702000,12,Q
SAR,1.0,INTERMEDIATE,2.0,2.0,,,12,Q
SAR,1.0,INTERMEDIATE,3.0,3.0,,,12,Q
SAR,1.0,INTERMEDIATE,4.0,4.0,,,12,Q
SAR,1.0,INTERMEDIATE,5.0,5.0,0 days 00:22:04.827000,,12,Q
SAR,2.0,SOFT,1.0,6.0,0 days 00:24:33.888000,0 days 00:22:37.235000,12,Q
SAR,3.0,SOFT,1.0,7.0,,0 days 00:33:46.348000,12,Q
SAR,3.0,SOFT,2.0,8.0,,,12,Q
SAR,3.0,SOFT,3.0,9.0,,,12,Q
SAR,3.0,SOFT,4.0,10.0,0 days 00:40:39.548000,,12,Q
SAR,4.0,SOFT,1.0,11.0,,0 days 00:46:59.797000,12,Q
SAR,4.0,SOFT,2.0,12.0,,,12,Q
SAR,4.0,SOFT,3.0,13.0,,,12,Q
SAR,4.0,SOFT,4.0,14.0,,,12,Q
SAR,4.0,SOFT,5.0,15.0,0 days 00:55:13.210000,,12,Q
SAR,5.0,SOFT,2.0,16.0,,0 days 00:55:59.542000,12,Q
SAR,5.0,SOFT,3.0,17.0,,,12,Q
SAR,5.0,SOFT,4.0,18.0,,,12,Q
SAR,5.0,SOFT,5.0,19.0,,,12,Q
SAR,5.0,SOFT,6.0,20.0,0 days 01:04:22.474000,,12,Q
TSU,1.0,INTERMEDIATE,1.0,1.0,,0 days 00:14:17.734000,12,Q
TSU,1.0,INTERMEDIATE,2.0,2.0,,,12,Q
TSU,1.0,INTERMEDIATE,3.0,3.0,,,12,Q
TSU,1.0,INTERMEDIATE,4.0,4.0,0 days 00:21:37.838000,,12,Q
TSU,2.0,SOFT,1.0,5.0,0 days 00:24:06.444000,0 days 00:22:12.317000,12,Q
TSU,3.0,SOFT,1.0,6.0,,0 days 00:33:52.092000,12,Q
TSU,3.0,SOFT,2.0,7.0,,,12,Q
TSU,3.0,SOFT,3.0,8.0,,,12,Q
TSU,3.0,SOFT,4.0,9.0,,,12,Q
TSU,3.0,SOFT,5.0,10.0,0 days 00:42:09.964000,,12,Q
TSU,4.0,SOFT,1.0,11.0,,0 days 00:47:44.499000,12,Q
TSU,4.0,SOFT,2.0,12.0,,,12,Q
TSU,4.0,SOFT,3.0,13.0,,,12,Q
TSU,4.0,SOFT,4.0,14.0,0 days 00:53:58.394000,,12,Q
TSU,5.0,SOFT,1.0,15.0,,0 days 00:59:01.500000,12,Q
TSU,5.0,SOFT,2.0,16.0,,,12,Q
TSU,5.0,SOFT,3.0,17.0,0 days 01:04:07.694000,,12,Q
ZHO,1.0,INTERMEDIATE,1.0,1.0,,0 days 00:12:57.513000,12,Q
ZHO,1.0,INTERMEDIATE,2.0,2.0,,,12,Q
ZHO,1.0,INTERMEDIATE,3.0,3.0,,,12,Q
ZHO,1.0,INTERMEDIATE,4.0,4.0,,,12,Q
ZHO,1.0,INTERMEDIATE,5.0,5.0,0 days 00:22:13.882000,,12,Q
ZHO,2.0,SOFT,1.0,6.0,0 days 00:25:08.436000,0 days 00:23:01.070000,12,Q
ZHO,3.0,SOFT,1.0,7.0,,0 days 00:31:54.117000,12,Q
ZHO,3.0,SOFT,2.0,8.0,,,12,Q
ZHO,3.0,SOFT,3.0,9.0,,,12,Q
ZHO,3.0,SOFT,4.0,10.0,,,12,Q
ZHO,3.0,SOFT,5.0,11.0,,,12,Q
ZHO,3.0,SOFT,6.0,12.0,0 days 00:41:56.564000,,12,Q
ZHO,4.0,SOFT,1.0,13.0,,0 days 00:47:04.436000,12,Q
ZHO,4.0,SOFT,2.0,14.0,,,12,Q
ZHO,4.0,SOFT,3.0,15.0,,,12,Q
ZHO,4.0,SOFT,4.0,16.0,,,12,Q
ZHO,4.0,SOFT,5.0,17.0,0 days 00:55:20.658000,,12,Q
ZHO,5.0,SOFT,1.0,18.0,,0 days 00:56:15.635000,12,Q
ZHO,5.0,SOFT,2.0,19.0,,,12,Q
ZHO,5.0,SOFT,3.0,20.0,,,12,Q
ZHO,5.0,SOFT,4.0,21.0,,,12,Q
ZHO,5.0,SOFT,5.0,22.0,0 days 01:04:55.800000,,12,Q
RIC,1.0,INTERMEDIATE,1.0,1.0,,0 days 00:13:58.922000,12,Q
RIC,1.0,INTERMEDIATE,2.0,2.0,,,12,Q
RIC,1.0,INTERMEDIATE,3.0,3.0,,,12,Q
RIC,1.0,INTERMEDIATE,4.0,4.0,0 days 00:21:31.042000,,12,Q
RIC,2.0,SOFT,1.0,5.0,0 days 00:24:12.052000,0 days 00:22:04.332000,12,Q
RIC,3.0,SOFT,1.0,6.0,,0 days 00:33:21.835000,12,Q
RIC,3.0,SOFT,2.0,7.0,,,12,Q
RIC,3.0,SOFT,3.0,8.0,,,12,Q
RIC,3.0,SOFT,4.0,9.0,,,12,Q
RIC,3.0,SOFT,5.0,10.0,0 days 00:41:33.958000,,12,Q
RIC,4.0,SOFT,1.0,11.0,,0 days 00:48:51.457000,12,Q
RIC,4.0,SOFT,2.0,12.0,,,12,Q
RIC,4.0,SOFT,3.0,13.0,,,12,Q
RIC,4.0,SOFT,4.0,14.0,0 days 00:55:10.797000,,12,Q
RIC,5.0,SOFT,2.0,15.0,,0 days 00:57:58.017000,12,Q
RIC,5.0,SOFT,3.0,16.0,,,12,Q
RIC,5.0,SOFT,4.0,17.0,,,12,Q
RIC,5.0,SOFT,5.0,18.0,0 days 01:04:58.920000,,12,Q
BOT,1.0,INTERMEDIATE,1.0,1.0,,0 days 00:12:53.052000,12,Q
BOT,1.0,INTERMEDIATE,2.0,2.0,,,12,Q
BOT,1.0,INTERMEDIATE,3.0,3.0,,,12,Q
BOT,1.0,INTERMEDIATE,4.0,4.0,0 days 00:20:03.322000,,12,Q
BOT,2.0,SOFT,1.0,5.0,,0 days 00:21:02.148000,12,Q
BOT,2.0,SOFT,2.0,6.0,0 days 00:24:46.536000,,12,Q
BOT,3.0,SOFT,1.0,7.0,,0 days 00:31:50.308000,12,Q
BOT,3.0,SOFT,2.0,8.0,,,12,Q
BOT,3.0,SOFT,3.0,9.0,,,12,Q
BOT,3.0,SOFT,4.0,10.0,,,12,Q
BOT,3.0,SOFT,5.0,11.0,0 days 00:40:03.331000,,12,Q
MAG,1.0,INTERMEDIATE,1.0,1.0,,0 days 00:18:30.029000,12,Q
MAG,1.0,INTERMEDIATE,2.0,2.0,,,12,Q
MAG,1.0,INTERMEDIATE,3.0,3.0,0 days 00:23:50.776000,,12,Q
MAG,2.0,SOFT,1.0,4.0,,0 days 00:31:56.208000,12,Q
MAG,2.0,SOFT,2.0,5.0,,,12,Q
MAG,2.0,SOFT,3.0,6.0,0 days 00:37:12.385000,,12,Q
OCO,1.0,INTERMEDIATE,1.0,1.0,,0 days 00:13:01.865000,12,Q
OCO,1.0,INTERMEDIATE,2.0,2.0,,,12,Q
OCO,1.0,INTERMEDIATE,3.0,3.0,,,12,Q
OCO,1.0,INTERMEDIATE,4.0,4.0,,,12,Q
OCO,1.0,INTERMEDIATE,5.0,5.0,0 days 00:22:08.024000,,12,Q
OCO,2.0,SOFT,1.0,6.0,0 days 00:24:41.200000,0 days 00:22:41.157000,12,Q
OCO,3.0,SOFT,1.0,7.0,,0 days 00:32:44.252000,12,Q
OCO,3.0,SOFT,2.0,8.0,,,12,Q
OCO,3.0,SOFT,3.0,9.0,,,12,Q
OCO,3.0,SOFT,4.0,10.0,,,12,Q
OCO,3.0,SOFT,5.0,11.0,0 days 00:40:56.941000,,12,Q
PER,1.0,INTERMEDIATE,1.0,1.0,,0 days 00:14:09.743000,12,Q
PER,1.0,INTERMEDIATE,2.0,2.0,,,12,Q
PER,1.0,INTERMEDIATE,3.0,3.0,,,12,Q
PER,1.0,INTERMEDIATE,4.0,4.0,0 days 00:21:29.670000,,12,Q
PER,2.0,SOFT,1.0,5.0,0 days 00:29:24.568000,0 days 00:22:05.164000,12,Q
GAS,1.0,INTERMEDIATE,1.0,1.0,,0 days 00:13:46.180000,12,Q
GAS,1.0,INTERMEDIATE,2.0,2.0,,,12,Q
GAS,1.0,INTERMEDIATE,3.0,3.0,,,12,Q
GAS,1.0,INTERMEDIATE,4.0,4.0,,,12,Q
GAS,1.0,INTERMEDIATE,5.0,5.0,0 days 00:23:03.706000,,12,Q
GAS,2.0,SOFT,1.0,6.0,,0 days 00:33:35.261000,12,Q
GAS,2.0,SOFT,2.0,7.0,0 days 00:37:16.597000,,12,Q
HAM,1.0,MEDIUM,1.0,1.0,,,12,R
HAM,1.0,MEDIUM,2.0,2.0,,,12,R
HAM,1.0,MEDIUM,3.0,3.0,,,12,R
HAM,1.0,MEDIUM,4.0,4.0,,,12,R
HAM,1.0,MEDIUM,5.0,5.0,,,12,R
HAM,1.0,MEDIUM,6.0,6.0,,,12,R
HAM,1.0,MEDIUM,7.0,7.0,,,12,R
HAM,1.0,MEDIUM,8.0,8.0,,,12,R
HAM,1.0,MEDIUM,9.0,9.0,,,12,R
HAM,1.0,MEDIUM,10.0,10.0,,,12,R
HAM,1.0,MEDIUM,11.0,11.0,,,12,R
HAM,1.0,MEDIUM,12.0,12.0,,,12,R
HAM,1.0,MEDIUM,13.0,13.0,,,12,R
HAM,1.0,MEDIUM,14.0,14.0,,,12,R
HAM,1.0,MEDIUM,15.0,15.0,,,12,R
HAM,1.0,MEDIUM,16.0,16.0,,,12,R
HAM,1.0,MEDIUM,17.0,17.0,,,12,R
HAM,1.0,MEDIUM,18.0,18.0,,,12,R
HAM,1.0,MEDIUM,19.0,19.0,,,12,R
HAM,1.0,MEDIUM,20.0,20.0,,,12,R
HAM,1.0,MEDIUM,21.0,21.0,,,12,R
HAM,1.0,MEDIUM,22.0,22.0,,,12,R
HAM,1.0,MEDIUM,23.0,23.0,,,12,R
HAM,1.0,MEDIUM,24.0,24.0,,,12,R
HAM,1.0,MEDIUM,25.0,25.0,,,12,R
HAM,1.0,MEDIUM,26.0,26.0,,,12,R
HAM,1.0,MEDIUM,27.0,27.0,0 days 01:40:20.422000,,12,R
HAM,2.0,INTERMEDIATE,1.0,28.0,,0 days 01:40:49.411000,12,R
HAM,2.0,INTERMEDIATE,2.0,29.0,,,12,R
HAM,2.0,INTERMEDIATE,3.0,30.0,,,12,R
HAM,2.0,INTERMEDIATE,4.0,31.0,,,12,R
HAM,2.0,INTERMEDIATE,5.0,32.0,,,12,R
HAM,2.0,INTERMEDIATE,6.0,33.0,,,12,R
HAM,2.0,INTERMEDIATE,7.0,34.0,,,12,R
HAM,2.0,INTERMEDIATE,8.0,35.0,,,12,R
HAM,2.0,INTERMEDIATE,9.0,36.0,,,12,R
HAM,2.0,INTERMEDIATE,10.0,37.0,,,12,R
HAM,2.0,INTERMEDIATE,11.0,38.0,0 days 01:59:12.470000,,12,R
HAM,3.0,SOFT,2.0,39.0,,0 days 01:59:42.507000,12,R
HAM,3.0,SOFT,3.0,40.0,,,12,R
HAM,3.0,SOFT,4.0,41.0,,,12,R
HAM,3.0,SOFT,5.0,42.0,,,12,R
HAM,3.0,SOFT,6.0,43.0,,,12,R
HAM,3.0,SOFT,7.0,44.0,,,12,R
HAM,3.0,SOFT,8.0,45.0,,,12,R
HAM,3.0,SOFT,9.0,46.0,,,12,R
HAM,3.0,SOFT,10.0,47.0,,,12,R
HAM,3.0,SOFT,11.0,48.0,,,12,R
HAM,3.0,SOFT,12.0,49.0,,,12,R
HAM,3.0,SOFT,13.0,50.0,,,12,R
HAM,3.0,SOFT,14.0,51.0,,,12,R
HAM,3.0,SOFT,15.0,52.0,,,12,R
VER,1.0,MEDIUM,1.0,1.0,,,12,R
VER,1.0,MEDIUM,2.0,2.0,,,12,R
VER,1.0,MEDIUM,3.0,3.0,,,12,R
VER,1.0,MEDIUM,4.0,4.0,,,12,R
VER,1.0,MEDIUM,5.0,5.0,,,12,R
VER,1.0,MEDIUM,6.0,6.0,,,12,R
VER,1.0,MEDIUM,7.0,7.0,,,12,R
VER,1.0,MEDIUM,8.0,8.0,,,12,R
VER,1.0,MEDIUM,9.0,9.0,,,12,R
VER,1.0,MEDIUM,10.0,10.0,,,12,R
VER,1.0,MEDIUM,11.0,11.0,,,12,R
VER,1.0,MEDIUM,12.0,12.0,,,12,R
VER,1.0,MEDIUM,13.0,13.0,,,12,R
VER,1.0,MEDIUM,14.0,14.0,,,12,R
VER,1.0,MEDIUM,15.0,15.0,,,12,R
VER,1.0,MEDIUM,16.0,16.0,,,12,R
VER,1.0,MEDIUM,17.0,17.0,,,12,R
VER,1.0,MEDIUM,18.0,18.0,,,12,R
VER,1.0,MEDIUM,19.0,19.0,,,12,R
VER,1.0,MEDIUM,20.0,20.0,,,12,R
VER,1.0,MEDIUM,21.0,21.0,,,12,R
VER,1.0,MEDIUM,22.0,22.0,,,12,R
VER,1.0,MEDIUM,23.0,23.0,,,12,R
VER,1.0,MEDIUM,24.0,24.0,,,12,R
VER,1.0,MEDIUM,25.0,25.0,,,12,R
VER,1.0,MEDIUM,26.0,26.0,0 days 01:38:44.599000,,12,R
VER,2.0,INTERMEDIATE,1.0,27.0,,0 days 01:39:13.065000,12,R
VER,2.0,INTERMEDIATE,2.0,28.0,,,12,R
VER,2.0,INTERMEDIATE,3.0,29.0,,,12,R
VER,2.0,INTERMEDIATE,4.0,30.0,,,12,R
VER,2.0,INTERMEDIATE,5.0,31.0,,,12,R
VER,2.0,INTERMEDIATE,6.0,32.0,,,12,R
VER,2.0,INTERMEDIATE,7.0,33.0,,,12,R
VER,2.0,INTERMEDIATE,8.0,34.0,,,12,R
VER,2.0,INTERMEDIATE,9.0,35.0,,,12,R
VER,2.0,INTERMEDIATE,10.0,36.0,,,12,R
VER,2.0,INTERMEDIATE,11.0,37.0,,,12,R
VER,2.0,INTERMEDIATE,12.0,38.0,0 days 01:59:18.092000,,12,R
VER,3.0,HARD,1.0,39.0,,0 days 01:59:47.248000,12,R
VER,3.0,HARD,2.0,40.0,,,12,R
VER,3.0,HARD,3.0,41.0,,,12,R
VER,3.0,HARD,4.0,42.0,,,12,R
VER,3.0,HARD,5.0,43.0,,,12,R
VER,3.0,HARD,6.0,44.0,,,12,R
VER,3.0,HARD,7.0,45.0,,,12,R
VER,3.0,HARD,8.0,46.0,,,12,R
VER,3.0,HARD,9.0,47.0,,,12,R
VER,3.0,HARD,10.0,48.0,,,12,R
VER,3.0,HARD,11.0,49.0,,,12,R
VER,3.0,HARD,12.0,50.0,,,12,R
VER,3.0,HARD,13.0,51.0,,,12,R
VER,3.0,HARD,14.0,52.0,,,12,R
NOR,1.0,MEDIUM,1.0,1.0,,,12,R
NOR,1.0,MEDIUM,2.0,2.0,,,12,R
NOR,1.0,MEDIUM,3.0,3.0,,,12,R
NOR,1.0,MEDIUM,4.0,4.0,,,12,R
NOR,1.0,MEDIUM,5.0,5.0,,,12,R
NOR,1.0,MEDIUM,6.0,6.0,,,12,R
NOR,1.0,MEDIUM,7.0,7.0,,,12,R
NOR,1.0,MEDIUM,8.0,8.0,,,12,R
NOR,1.0,MEDIUM,9.0,9.0,,,12,R
NOR,1.0,MEDIUM,10.0,10.0,,,12,R
NOR,1.0,MEDIUM,11.0,11.0,,,12,R
NOR,1.0,MEDIUM,12.0,12.0,,,12,R
NOR,1.0,MEDIUM,13.0,13.0,,,12,R
NOR,1.0,MEDIUM,14.0,14.0,,,12,R
NOR,1.0,MEDIUM,15.0,15.0,,,12,R
NOR,1.0,MEDIUM,16.0,16.0,,,12,R
NOR,1.0,MEDIUM,17.0,17.0,,,12,R
NOR,1.0,MEDIUM,18.0,18.0,,,12,R
NOR,1.0,MEDIUM,19.0,19.0,,,12,R
NOR,1.0,MEDIUM,20.0,20.0,,,12,R
NOR,1.0,MEDIUM,21.0,21.0,,,12,R
NOR,1.0,MEDIUM,22.0,22.0,,,12,R
NOR,1.0,MEDIUM,23.0,23.0,,,12,R
NOR,1.0,MEDIUM,24.0,24.0,,,12,R
NOR,1.0,MEDIUM,25.0,25.0,,,12,R
NOR,1.0,MEDIUM,26.0,26.0,,,12,R
NOR,1.0,MEDIUM,27.0,27.0,0 days 01:40:17.147000,,12,R
NOR,2.0,INTERMEDIATE,1.0,28.0,,0 days 01:40:45.890000,12,R
NOR,2.0,INTERMEDIATE,2.0,29.0,,,12,R
NOR,2.0,INTERMEDIATE,3.0,30.0,,,12,R
NOR,2.0,INTERMEDIATE,4.0,31.0,,,12,R
NOR,2.0,INTERMEDIATE,5.0,32.0,,,12,R
NOR,2.0,INTERMEDIATE,6.0,33.0,,,12,R
NOR,2.0,INTERMEDIATE,7.0,34.0,,,12,R
NOR,2.0,INTERMEDIATE,8.0,35.0,,,12,R
NOR,2.0,INTERMEDIATE,9.0,36.0,,,12,R
NOR,2.0,INTERMEDIATE,10.0,37.0,,,12,R
NOR,2.0,INTERMEDIATE,11.0,38.0,,,12,R
NOR,2.0,INTERMEDIATE,12.0,39.0,0 days 02:00:48.120000,,12,R
NOR,3.0,SOFT,3.0,40.0,,0 days 02:01:18.481000,12,R
NOR,3.0,SOFT,4.0,41.0,,,12,R
NOR,3.0,SOFT,5.0,42.0,,,12,R
NOR,3.0,SOFT,6.0,43.0,,,12,R
NOR,3.0,SOFT,7.0,44.0,,,12,R
NOR,3.0,SOFT,8.0,45.0,,,12,R
NOR,3.0,SOFT,9.0,46.0,,,12,R
NOR,3.0,SOFT,10.0,47.0,,,12,R
NOR,3.0,SOFT,11.0,48.0,,,12,R
NOR,3.0,SOFT,12.0,49.0,,,12,R
NOR,3.0,SOFT,13.0,50.0,,,12,R
NOR,3.0,SOFT,14.0,51.0,,,12,R
NOR,3.0,SOFT,15.0,52.0,,,12,R
PIA,1.0,MEDIUM,1.0,1.0,,,12,R
PIA,1.0,MEDIUM,2.0,2.0,,,12,R
PIA,1.0,MEDIUM,3.0,3.0,,,12,R
PIA,1.0,MEDIUM,4.0,4.0,,,12,R
PIA,1.0,MEDIUM,5.0,5.0,,,12,R
PIA,1.0,MEDIUM,6.0,6.0,,,12,R
PIA,1.0,MEDIUM,7.0,7.0,,,12,R
PIA,1.0,MEDIUM,8.0,8.0,,,12,R
PIA,1.0,MEDIUM,9.0,9.0,,,12,R
PIA,1.0,MEDIUM,10.0,10.0,,,12,R
PIA,1.0,MEDIUM,11.0,11.0,,,12,R
PIA,1.0,MEDIUM,12.0,12.0,,,12,R
PIA,1.0,MEDIUM,13.0,13.0,,,12,R
PIA,1.0,MEDIUM,14.0,14.0,,,12,R
PIA,1.0,MEDIUM,15.0,15.0,,,12,R
PIA,1.0,MEDIUM,16.0,16.0,,,12,R
PIA,1.0,MEDIUM,17.0,17.0,,,12,R
PIA,1.0,MEDIUM,18.0,18.0,,,12,R
PIA,1.0,MEDIUM,19.0,19.0,,,12,R
PIA,1.0,MEDIUM,20.0,20.0,,,12,R
PIA,1.0,MEDIUM,21.0,21.0,,,12,R
PIA,1.0,MEDIUM,22.0,22.0,,,12,R
PIA,1.0,MEDIUM,23.0,23.0,,,12,R
PIA,1.0,MEDIUM,24.0,24.0,,,12,R
PIA,1.0,MEDIUM,25.0,25.0,,,12,R
PIA,1.0,MEDIUM,26.0,26.0,,,12,R
PIA,1.0,MEDIUM,27.0,27.0,,,12,R
PIA,1.0,MEDIUM,28.0,28.0,0 days 01:42:15.701000,,12,R
PIA,2.0,INTERMEDIATE,1.0,29.0,,0 days 01:42:45.296000,12,R
PIA,2.0,INTERMEDIATE,2.0,30.0,,,12,R
PIA,2.0,INTERMEDIATE,3.0,31.0,,,12,R
PIA,2.0,INTERMEDIATE,4.0,32.0,,,12,R
PIA,2.0,INTERMEDIATE,5.0,33.0,,,12,R
PIA,2.0,INTERMEDIATE,6.0,34.0,,,12,R
PIA,2.0,INTERMEDIATE,7.0,35.0,,,12,R
PIA,2.0,INTERMEDIATE,8.0,36.0,,,12,R
PIA,2.0,INTERMEDIATE,9.0,37.0,,,12,R
PIA,2.0,INTERMEDIATE,10.0,38.0,0 days 01:59:32.481000,,12,R
PIA,3.0,MEDIUM,1.0,39.0,,0 days 02:00:01.822000,12,R
PIA,3.0,MEDIUM,2.0,40.0,,,12,R
PIA,3.0,MEDIUM,3.0,41.0,,,12,R
PIA,3.0,MEDIUM,4.0,42.0,,,12,R
PIA,3.0,MEDIUM,5.0,43.0,,,12,R
PIA,3.0,MEDIUM,6.0,44.0,,,12,R
PIA,3.0,MEDIUM,7.0,45.0,,,12,R
PIA,3.0,MEDIUM,8.0,46.0,,,12,R
PIA,3.0,MEDIUM,9.0,47.0,,,12,R
PIA,3.0,MEDIUM,10.0,48.0,,,12,R
PIA,3.0,MEDIUM,11.0,49.0,,,12,R
PIA,3.0,MEDIUM,12.0,50.0,,,12,R
PIA,3.0,MEDIUM,13.0,51.0,,,12,R
PIA,3.0,MEDIUM,14.0,52.0,,,12,R
SAI,1.0,MEDIUM,1.0,1.0,,,12,R
SAI,1.0,MEDIUM,2.0,2.0,,,12,R
SAI,1.0,MEDIUM,3.0,3.0,,,12,R
SAI,1.0,MEDIUM,4.0,4.0,,,12,R
SAI,1.0,MEDIUM,5.0,5.0,,,12,R
SAI,1.0,MEDIUM,6.0,6.0,,,12,R
SAI,1.0,MEDIUM,7.0,7.0,,,12,R
SAI,1.0,MEDIUM,8.0,8.0,,,12,R
SAI,1.0,MEDIUM,9.0,9.0,,,12,R
SAI,1.0,MEDIUM,10.0,10.0,,,12,R
SAI,1.0,MEDIUM,11.0,11.0,,,12,R
SAI,1.0,MEDIUM,12.0,12.0,,,12,R
SAI,1.0,MEDIUM,13.0,13.0,,,12,R
SAI,1.0,MEDIUM,14.0,14.0,,,12,R
SAI,1.0,MEDIUM,15.0,15.0,,,12,R
SAI,1.0,MEDIUM,16.0,16.0,,,12,R
SAI,1.0,MEDIUM,17.0,17.0,,,12,R
SAI,1.0,MEDIUM,18.0,18.0,,,12,R
SAI,1.0,MEDIUM,19.0,19.0,,,12,R
SAI,1.0,MEDIUM,20.0,20.0,,,12,R
SAI,1.0,MEDIUM,21.0,21.0,,,12,R
SAI,1.0,MEDIUM,22.0,22.0,,,12,R
SAI,1.0,MEDIUM,23.0,23.0,,,12,R
SAI,1.0,MEDIUM,24.0,24.0,,,12,R
SAI,1.0,MEDIUM,25.0,25.0,,,12,R
SAI,1.0,MEDIUM,26.0,26.0,0 days 01:38:45.781000,,12,R
SAI,2.0,INTERMEDIATE,1.0,27.0,,0 days 01:39:15.047000,12,R
SAI,2.0,INTERMEDIATE,2.0,28.0,,,12,R
SAI,2.0,INTERMEDIATE,3.0,29.0,,,12,R
SAI,2.0,INTERMEDIATE,4.0,30.0,,,12,R
SAI,2.0,INTERMEDIATE,5.0,31.0,,,12,R
SAI,2.0,INTERMEDIATE,6.0,32.0,,,12,R
SAI,2.0,INTERMEDIATE,7.0,33.0,,,12,R
SAI,2.0,INTERMEDIATE,8.0,34.0,,,12,R
SAI,2.0,INTERMEDIATE,9.0,35.0,,,12,R
SAI,2.0,INTERMEDIATE,10.0,36.0,,,12,R
SAI,2.0,INTERMEDIATE,11.0,37.0,,,12,R
SAI,2.0,INTERMEDIATE,12.0,38.0,,,12,R
SAI,2.0,INTERMEDIATE,13.0,39.0,0 days 02:01:09.712000,,12,R
SAI,3.0,HARD,1.0,40.0,,0 days 02:01:38.639000,12,R
SAI,3.0,HARD,2.0,41.0,,,12,R
SAI,3.0,HARD,3.0,42.0,,,12,R
SAI,3.0,HARD,4.0,43.0,,,12,R
SAI,3.0,HARD,5.0,44.0,,,12,R
SAI,3.0,HARD,6.0,45.0,,,12,R
SAI,3.0,HARD,7.0,46.0,,,12,R
SAI,3.0,HARD,8.0,47.0,,,12,R
SAI,3.0,HARD,9.0,48.0,,,12,R
SAI,3.0,HARD,10.0,49.0,,,12,R
SAI,3.0,HARD,11.0,50.0,0 days 02:18:03.383000,,12,R
SAI,4.0,SOFT,4.0,51.0,,0 days 02:18:32.054000,12,R
SAI,4.0,SOFT,5.0,52.0,,,12,R
HUL,1.0,MEDIUM,1.0,1.0,,,12,R
HUL,1.0,MEDIUM,2.0,2.0,,,12,R
HUL,1.0,MEDIUM,3.0,3.0,,,12,R
HUL,1.0,MEDIUM,4.0,4.0,,,12,R
HUL,1.0,MEDIUM,5.0,5.0,,,12,R
HUL,1.0,MEDIUM,6.0,6.0,,,12,R
HUL,1.0,MEDIUM,7.0,7.0,,,12,R
HUL,1.0,MEDIUM,8.0,8.0,,,12,R
HUL,1.0,MEDIUM,9.0,9.0,,,12,R
HUL,1.0,MEDIUM,10.0,10.0,,,12,R
HUL,1.0,MEDIUM,11.0,11.0,,,12,R
HUL,1.0,MEDIUM,12.0,12.0,,,12,R
HUL,1.0,MEDIUM,13.0,13.0,,,12,R
HUL,1.0,MEDIUM,14.0,14.0,,,12,R
HUL,1.0,MEDIUM,15.0,15.0,,,12,R
HUL,1.0,MEDIUM,16.0,16.0,,,12,R
HUL,1.0,MEDIUM,17.0,17.0,,,12,R
HUL,1.0,MEDIUM,18.0,18.0,,,12,R
HUL,1.0,MEDIUM,19.0,19.0,,,12,R
HUL,1.0,MEDIUM,20.0,20.0,,,12,R
HUL,1.0,MEDIUM,21.0,21.0,,,12,R
HUL,1.0,MEDIUM,22.0,22.0,,,12,R
HUL,1.0,MEDIUM,23.0,23.0,,,12,R
HUL,1.0,MEDIUM,24.0,24.0,,,12,R
HUL,1.0,MEDIUM,25.0,25.0,,,12,R
HUL,1.0,MEDIUM,26.0,26.0,0 days 01:39:02.808000,,12,R
HUL,2.0,INTERMEDIATE,1.0,27.0,,0 days 01:39:32.267000,12,R
HUL,2.0,INTERMEDIATE,2.0,28.0,,,12,R
HUL,2.0,INTERMEDIATE,3.0,29.0,,,12,R
HUL,2.0,INTERMEDIATE,4.0,30.0,,,12,R
HUL,2.0,INTERMEDIATE,5.0,31.0,,,12,R
HUL,2.0,INTERMEDIATE,6.0,32.0,,,12,R
HUL,2.0,INTERMEDIATE,7.0,33.0,,,12,R
HUL,2.0,INTERMEDIATE,8.0,34.0,,,12,R
HUL,2.0,INTERMEDIATE,9.0,35.0,,,12,R
HUL,2.0,INTERMEDIATE,10.0,36.0,,,12,R
HUL,2.0,INTERMEDIATE,11.0,37.0,,,12,R
HUL,2.0,INTERMEDIATE,12.0,38.0,,,12,R
HUL,2.0,INTERMEDIATE,13.0,39.0,0 days 02:01:32.097000,,12,R
HUL,3.0,SOFT,4.0,40.0,,0 days 02:02:02.561000,12,R
HUL,3.0,SOFT,5.0,41.0,,,12,R
HUL,3.0,SOFT,6.0,42.0,,,12,R
HUL,3.0,SOFT,7.0,43.0,,,12,R
HUL,3.0,SOFT,8.0,44.0,,,12,R
HUL,3.0,SOFT,9.0,45.0,,,12,R
HUL,3.0,SOFT,10.0,46.0,,,12,R
HUL,3.0,SOFT,11.0,47.0,,,12,R
HUL,3.0,SOFT,12.0,48.0,,,12,R
HUL,3.0,SOFT,13.0,49.0,,,12,R
HUL,3.0,SOFT,14.0,50.0,,,12,R
HUL,3.0,SOFT,15.0,51.0,,,12,R
HUL,3.0,SOFT,16.0,52.0,,,12,R
STR,1.0,MEDIUM,1.0,1.0,,,12,R
STR,1.0,MEDIUM,2.0,2.0,,,12,R
STR,1.0,MEDIUM,3.0,3.0,,,12,R
STR,1.0,MEDIUM,4.0,4.0,,,12,R
STR,1.0,MEDIUM,5.0,5.0,,,12,R
STR,1.0,MEDIUM,6.0,6.0,,,12,R
STR,1.0,MEDIUM,7.0,7.0,,,12,R
STR,1.0,MEDIUM,8.0,8.0,,,12,R
STR,1.0,MEDIUM,9.0,9.0,,,12,R
STR,1.0,MEDIUM,10.0,10.0,,,12,R
STR,1.0,MEDIUM,11.0,11.0,,,12,R
STR,1.0,MEDIUM,12.0,12.0,,,12,R
STR,1.0,MEDIUM,13.0,13.0,,,12,R
STR,1.0,MEDIUM,14.0,14.0,,,12,R
STR,1.0,MEDIUM,15.0,15.0,,,12,R
STR,1.0,MEDIUM,16.0,16.0,,,12,R
STR,1.0,MEDIUM,17.0,17.0,,,12,R
STR,1.0,MEDIUM,18.0,18.0,,,12,R
STR,1.0,MEDIUM,19.0,19.0,,,12,R
STR,1.0,MEDIUM,20.0,20.0,,,12,R
STR,1.0,MEDIUM,21.0,21.0,,,12,R
STR,1.0,MEDIUM,22.0,22.0,,,12,R
STR,1.0,MEDIUM,23.0,23.0,,,12,R
STR,1.0,MEDIUM,24.0,24.0,,,12,R
STR,1.0,MEDIUM,25.0,25.0,,,12,R
STR,1.0,MEDIUM,26.0,26.0,0 days 01:39:05.009000,,12,R
STR,2.0,INTERMEDIATE,1.0,27.0,,0 days 01:39:34.064000,12,R
STR,2.0,INTERMEDIATE,2.0,28.0,,,12,R
STR,2.0,INTERMEDIATE,3.0,29.0,,,12,R
STR,2.0,INTERMEDIATE,4.0,30.0,,,12,R
STR,2.0,INTERMEDIATE,5.0,31.0,,,12,R
STR,2.0,INTERMEDIATE,6.0,32.0,,,12,R
STR,2.0,INTERMEDIATE,7.0,33.0,,,12,R
STR,2.0,INTERMEDIATE,8.0,34.0,,,12,R
STR,2.0,INTERMEDIATE,9.0,35.0,,,12,R
STR,2.0,INTERMEDIATE,10.0,36.0,,,12,R
STR,2.0,INTERMEDIATE,11.0,37.0,,,12,R
STR,2.0,INTERMEDIATE,12.0,38.0,,,12,R
STR,2.0,INTERMEDIATE,13.0,39.0,0 days 02:01:36.764000,,12,R
STR,3.0,MEDIUM,1.0,40.0,,0 days 02:02:06.198000,12,R
STR,3.0,MEDIUM,2.0,41.0,,,12,R
STR,3.0,MEDIUM,3.0,42.0,,,12,R
STR,3.0,MEDIUM,4.0,43.0,,,12,R
STR,3.0,MEDIUM,5.0,44.0,,,12,R
STR,3.0,MEDIUM,6.0,45.0,,,12,R
STR,3.0,MEDIUM,7.0,46.0,,,12,R
STR,3.0,MEDIUM,8.0,47.0,,,12,R
STR,3.0,MEDIUM,9.0,48.0,,,12,R
STR,3.0,MEDIUM,10.0,49.0,,,12,R
STR,3.0,MEDIUM,11.0,50.0,,,12,R
STR,3.0,MEDIUM,12.0,51.0,,,12,R
STR,3.0,MEDIUM,13.0,52.0,,,12,R
ALO,1.0,MEDIUM,1.0,1.0,,,12,R
ALO,1.0,MEDIUM,2.0,2.0,,,12,R
ALO,1.0,MEDIUM,3.0,3.0,,,12,R
ALO,1.0,MEDIUM,4.0,4.0,,,12,R
ALO,1.0,MEDIUM,5.0,5.0,,,12,R
ALO,1.0,MEDIUM,6.0,6.0,,,12,R
ALO,1.0,MEDIUM,7.0,7.0,,,12,R
ALO,1.0,MEDIUM,8.0,8.0,,,12,R
ALO,1.0,MEDIUM,9.0,9.0,,,12,R
ALO,1.0,MEDIUM,10.0,10.0,,,12,R
ALO,1.0,MEDIUM,11.0,11.0,,,12,R
ALO,1.0,MEDIUM,12.0,12.0,,,12,R
ALO,1.0,MEDIUM,13.0,13.0,,,12,R
ALO,1.0,MEDIUM,14.0,14.0,,,12,R
ALO,1.0,MEDIUM,15.0,15.0,,,12,R
ALO,1.0,MEDIUM,16.0,16.0,,,12,R
ALO,1.0,MEDIUM,17.0,17.0,,,12,R
ALO,1.0,MEDIUM,18.0,18.0,,,12,R
ALO,1.0,MEDIUM,19.0,19.0,,,12,R
ALO,1.0,MEDIUM,20.0,20.0,,,12,R
ALO,1.0,MEDIUM,21.0,21.0,,,12,R
ALO,1.0,MEDIUM,22.0,22.0,,,12,R
ALO,1.0,MEDIUM,23.0,23.0,,,12,R
ALO,1.0,MEDIUM,24.0,24.0,,,12,R
ALO,1.0,MEDIUM,25.0,25.0,,,12,R
ALO,1.0,MEDIUM,26.0,26.0,,,12,R
ALO,1.0,MEDIUM,27.0,27.0,0 days 01:40:55.058000,,12,R
ALO,2.0,INTERMEDIATE,1.0,28.0,,0 days 01:41:24.436000,12,R
ALO,2.0,INTERMEDIATE,2.0,29.0,,,12,R
ALO,2.0,INTERMEDIATE,3.0,30.0,,,12,R
ALO,2.0,INTERMEDIATE,4.0,31.0,,,12,R
ALO,2.0,INTERMEDIATE,5.0,32.0,,,12,R
ALO,2.0,INTERMEDIATE,6.0,33.0,,,12,R
ALO,2.0,INTERMEDIATE,7.0,34.0,,,12,R
ALO,2.0,INTERMEDIATE,8.0,35.0,,,12,R
ALO,2.0,INTERMEDIATE,9.0,36.0,,,12,R
ALO,2.0,INTERMEDIATE,10.0,37.0,,,12,R
ALO,2.0,INTERMEDIATE,11.0,38.0,0 days 02:00:06.460000,,12,R
ALO,3.0,MEDIUM,1.0,39.0,,0 days 02:00:36.179000,12,R
ALO,3.0,MEDIUM,2.0,40.0,,,12,R
ALO,3.0,MEDIUM,3.0,41.0,,,12,R
ALO,3.0,MEDIUM,4.0,42.0,,,12,R
ALO,3.0,MEDIUM,5.0,43.0,,,12,R
ALO,3.0,MEDIUM,6.0,44.0,,,12,R
ALO,3.0,MEDIUM,7.0,45.0,,,12,R
ALO,3.0,MEDIUM,8.0,46.0,,,12,R
ALO,3.0,MEDIUM,9.0,47.0,,,12,R
ALO,3.0,MEDIUM,10.0,48.0,,,12,R
ALO,3.0,MEDIUM,11.0,49.0,,,12,R
ALO,3.0,MEDIUM,12.0,50.0,,,12,R
ALO,3.0,MEDIUM,13.0,51.0,,,12,R
ALO,3.0,MEDIUM,14.0,52.0,,,12,R
ALB,1.0,MEDIUM,1.0,1.0,,,12,R
ALB,1.0,MEDIUM,2.0,2.0,,,12,R
ALB,1.0,MEDIUM,3.0,3.0,,,12,R
ALB,1.0,MEDIUM,4.0,4.0,,,12,R
ALB,1.0,MEDIUM,5.0,5.0,,,12,R
ALB,1.0,MEDIUM,6.0,6.0,,,12,R
ALB,1.0,MEDIUM,7.0,7.0,,,12,R
ALB,1.0,MEDIUM,8.0,8.0,,,12,R
ALB,1.0,MEDIUM,9.0,9.0,,,12,R
ALB,1.0,MEDIUM,10.0,10.0,,,12,R
ALB,1.0,MEDIUM,11.0,11.0,,,12,R
ALB,1.0,MEDIUM,12.0,12.0,,,12,R
ALB,1.0,MEDIUM,13.0,13.0,,,12,R
ALB,1.0,MEDIUM,14.0,14.0,,,12,R
ALB,1.0,MEDIUM,15.0,15.0,,,12,R
ALB,1.0,MEDIUM,16.0,16.0,,,12,R
ALB,1.0,MEDIUM,17.0,17.0,,,12,R
ALB,1.0,MEDIUM,18.0,18.0,,,12,R
ALB,1.0,MEDIUM,19.0,19.0,,,12,R
ALB,1.0,MEDIUM,20.0,20.0,,,12,R
ALB,1.0,MEDIUM,21.0,21.0,,,12,R
ALB,1.0,MEDIUM,22.0,22.0,,,12,R
ALB,1.0,MEDIUM,23.0,23.0,,,12,R
ALB,1.0,MEDIUM,24.0,24.0,,,12,R
ALB,1.0,MEDIUM,25.0,25.0,,,12,R
ALB,1.0,MEDIUM,26.0,26.0,,,12,R
ALB,1.0,MEDIUM,27.0,27.0,0 days 01:40:56.978000,,12,R
ALB,2.0,INTERMEDIATE,1.0,28.0,,0 days 01:41:31.731000,12,R
ALB,2.0,INTERMEDIATE,2.0,29.0,,,12,R
ALB,2.0,INTERMEDIATE,3.0,30.0,,,12,R
ALB,2.0,INTERMEDIATE,4.0,31.0,,,12,R
ALB,2.0,INTERMEDIATE,5.0,32.0,,,12,R
ALB,2.0,INTERMEDIATE,6.0,33.0,,,12,R
ALB,2.0,INTERMEDIATE,7.0,34.0,,,12,R
ALB,2.0,INTERMEDIATE,8.0,35.0,,,12,R
ALB,2.0,INTERMEDIATE,9.0,36.0,,,12,R
ALB,2.0,INTERMEDIATE,10.0,37.0,,,12,R
ALB,2.0,INTERMEDIATE,11.0,38.0,0 days 02:00:14.387000,,12,R
ALB,3.0,MEDIUM,1.0,39.0,,0 days 02:00:43.902000,12,R
ALB,3.0,MEDIUM,2.0,40.0,,,12,R
ALB,3.0,MEDIUM,3.0,41.0,,,12,R
ALB,3.0,MEDIUM,4.0,42.0,,,12,R
ALB,3.0,MEDIUM,5.0,43.0,,,12,R
ALB,3.0,MEDIUM,6.0,44.0,,,12,R
ALB,3.0,MEDIUM,7.0,45.0,,,12,R
ALB,3.0,MEDIUM,8.0,46.0,,,12,R
ALB,3.0,MEDIUM,9.0,47.0,,,12,R
ALB,3.0,MEDIUM,10.0,48.0,,,12,R
ALB,3.0,MEDIUM,11.0,49.0,,,12,R
ALB,3.0,MEDIUM,12.0,50.0,,,12,R
ALB,3.0,MEDIUM,13.0,51.0,,,12,R
ALB,3.0,MEDIUM,14.0,52.0,,,12,R
TSU,1.0,MEDIUM,1.0,1.0,,,12,R
TSU,1.0,MEDIUM,2.0,2.0,,,12,R
TSU,1.0,MEDIUM,3.0,3.0,,,12,R
TSU,1.0,MEDIUM,4.0,4.0,,,12,R
TSU,1.0,MEDIUM,5.0,5.0,,,12,R
TSU,1.0,MEDIUM,6.0,6.0,,,12,R
TSU,1.0,MEDIUM,7.0,7.0,,,12,R
TSU,1.0,MEDIUM,8.0,8.0,,,12,R
TSU,1.0,MEDIUM,9.0,9.0,,,12,R
TSU,1.0,MEDIUM,10.0,10.0,,,12,R
TSU,1.0,MEDIUM,11.0,11.0,,,12,R
TSU,1.0,MEDIUM,12.0,12.0,,,12,R
TSU,1.0,MEDIUM,13.0,13.0,,,12,R
TSU,1.0,MEDIUM,14.0,14.0,,,12,R
TSU,1.0,MEDIUM,15.0,15.0,,,12,R
TSU,1.0,MEDIUM,16.0,16.0,,,12,R
TSU,1.0,MEDIUM,17.0,17.0,,,12,R
TSU,1.0,MEDIUM,18.0,18.0,,,12,R
TSU,1.0,MEDIUM,19.0,19.0,,,12,R
TSU,1.0,MEDIUM,20.0,20.0,,,12,R
TSU,1.0,MEDIUM,21.0,21.0,,,12,R
TSU,1.0,MEDIUM,22.0,22.0,,,12,R
TSU,1.0,MEDIUM,23.0,23.0,,,12,R
TSU,1.0,MEDIUM,24.0,24.0,,,12,R
TSU,1.0,MEDIUM,25.0,25.0,,,12,R
TSU,1.0,MEDIUM,26.0,26.0,,,12,R
TSU,1.0,MEDIUM,27.0,27.0,0 days 01:40:56.345000,,12,R
TSU,2.0,INTERMEDIATE,1.0,28.0,,0 days 01:41:26.285000,12,R
TSU,2.0,INTERMEDIATE,2.0,29.0,,,12,R
TSU,2.0,INTERMEDIATE,3.0,30.0,,,12,R
TSU,2.0,INTERMEDIATE,4.0,31.0,,,12,R
TSU,2.0,INTERMEDIATE,5.0,32.0,,,12,R
TSU,2.0,INTERMEDIATE,6.0,33.0,,,12,R
TSU,2.0,INTERMEDIATE,7.0,34.0,,,12,R
TSU,2.0,INTERMEDIATE,8.0,35.0,,,12,R
TSU,2.0,INTERMEDIATE,9.0,36.0,,,12,R
TSU,2.0,INTERMEDIATE,10.0,37.0,,,12,R
TSU,2.0,INTERMEDIATE,11.0,38.0,0 days 02:00:11.160000,,12,R
TSU,3.0,SOFT,1.0,39.0,,0 days 02:00:40.841000,12,R
TSU,3.0,SOFT,2.0,40.0,,,12,R
TSU,3.0,SOFT,3.0,41.0,,,12,R
TSU,3.0,SOFT,4.0,42.0,,,12,R
TSU,3.0,SOFT,5.0,43.0,,,12,R
TSU,3.0,SOFT,6.0,44.0,,,12,R
TSU,3.0,SOFT,7.0,45.0,,,12,R
TSU,3.0,SOFT,8.0,46.0,,,12,R
TSU,3.0,SOFT,9.0,47.0,,,12,R
TSU,3.0,SOFT,10.0,48.0,,,12,R
TSU,3.0,SOFT,11.0,49.0,,,12,R
TSU,3.0,SOFT,12.0,50.0,,,12,R
TSU,3.0,SOFT,13.0,51.0,,,12,R
TSU,3.0,SOFT,14.0,52.0,,,12,R
SAR,1.0,MEDIUM,1.0,1.0,,,12,R
SAR,1.0,MEDIUM,2.0,2.0,,,12,R
SAR,1.0,MEDIUM,3.0,3.0,,,12,R
SAR,1.0,MEDIUM,4.0,4.0,,,12,R
SAR,1.0,MEDIUM,5.0,5.0,,,12,R
SAR,1.0,MEDIUM,6.0,6.0,,,12,R
SAR,1.0,MEDIUM,7.0,7.0,,,12,R
SAR,1.0,MEDIUM,8.0,8.0,,,12,R
SAR,1.0,MEDIUM,9.0,9.0,,,12,R
SAR,1.0,MEDIUM,10.0,10.0,,,12,R
SAR,1.0,MEDIUM,11.0,11.0,,,12,R
SAR,1.0,MEDIUM,12.0,12.0,,,12,R
SAR,1.0,MEDIUM,13.0,13.0,,,12,R
SAR,1.0,MEDIUM,14.0,14.0,,,12,R
SAR,1.0,MEDIUM,15.0,15.0,,,12,R
SAR,1.0,MEDIUM,16.0,16.0,,,12,R
SAR,1.0,MEDIUM,17.0,17.0,,,12,R
SAR,1.0,MEDIUM,18.0,18.0,,,12,R
SAR,1.0,MEDIUM,19.0,19.0,,,12,R
SAR,1.0,MEDIUM,20.0,20.0,,,12,R
SAR,1.0,MEDIUM,21.0,21.0,,,12,R
SAR,1.0,MEDIUM,22.0,22.0,,,12,R
SAR,1.0,MEDIUM,23.0,23.0,,,12,R
SAR,1.0,MEDIUM,24.0,24.0,,,12,R
SAR,1.0,MEDIUM,25.0,25.0,,,12,R
SAR,1.0,MEDIUM,26.0,26.0,,,12,R
SAR,1.0,MEDIUM,27.0,27.0,0 days 01:41:05.089000,,12,R
SAR,2.0,INTERMEDIATE,1.0,28.0,,0 days 01:41:37.946000,12,R
SAR,2.0,INTERMEDIATE,2.0,29.0,,,12,R
SAR,2.0,INTERMEDIATE,3.0,30.0,,,12,R
SAR,2.0,INTERMEDIATE,4.0,31.0,,,12,R
SAR,2.0,INTERMEDIATE,5.0,32.0,,,12,R
SAR,2.0,INTERMEDIATE,6.0,33.0,,,12,R
SAR,2.0,INTERMEDIATE,7.0,34.0,,,12,R
SAR,2.0,INTERMEDIATE,8.0,35.0,,,12,R
SAR,2.0,INTERMEDIATE,9.0,36.0,,,12,R
SAR,2.0,INTERMEDIATE,10.0,37.0,,,12,R
SAR,2.0,INTERMEDIATE,11.0,38.0,0 days 02:00:27.139000,,12,R
SAR,3.0,SOFT,1.0,39.0,,0 days 02:00:56.574000,12,R
SAR,3.0,SOFT,2.0,40.0,,,12,R
SAR,3.0,SOFT,3.0,41.0,,,12,R
SAR,3.0,SOFT,4.0,42.0,,,12,R
SAR,3.0,SOFT,5.0,43.0,,,12,R
SAR,3.0,SOFT,6.0,44.0,,,12,R
SAR,3.0,SOFT,7.0,45.0,,,12,R
SAR,3.0,SOFT,8.0,46.0,,,12,R
SAR,3.0,SOFT,9.0,47.0,,,12,R
SAR,3.0,SOFT,10.0,48.0,,,12,R
SAR,3.0,SOFT,11.0,49.0,,,12,R
SAR,3.0,SOFT,12.0,50.0,,,12,R
SAR,3.0,SOFT,13.0,51.0,,,12,R
SAR,3.0,SOFT,14.0,52.0,,,12,R
MAG,1.0,MEDIUM,1.0,1.0,,,12,R
MAG,1.0,MEDIUM,2.0,2.0,,,12,R
MAG,1.0,MEDIUM,3.0,3.0,,,12,R
MAG,1.0,MEDIUM,4.0,4.0,,,12,R
MAG,1.0,MEDIUM,5.0,5.0,,,12,R
MAG,1.0,MEDIUM,6.0,6.0,,,12,R
MAG,1.0,MEDIUM,7.0,7.0,,,12,R
MAG,1.0,MEDIUM,8.0,8.0,,,12,R
MAG,1.0,MEDIUM,9.0,9.0,,,12,R
MAG,1.0,MEDIUM,10.0,10.0,,,12,R
MAG,1.0,MEDIUM,11.0,11.0,,,12,R
MAG,1.0,MEDIUM,12.0,12.0,,,12,R
MAG,1.0,MEDIUM,13.0,13.0,,,12,R
MAG,1.0,MEDIUM,14.0,14.0,,,12,R
MAG,1.0,MEDIUM,15.0,15.0,,,12,R
MAG,1.0,MEDIUM,16.0,16.0,,,12,R
MAG,1.0,MEDIUM,17.0,17.0,,,12,R
MAG,1.0,MEDIUM,18.0,18.0,,,12,R
MAG,1.0,MEDIUM,19.0,19.0,,,12,R
MAG,1.0,MEDIUM,20.0,20.0,,,12,R
MAG,1.0,MEDIUM,21.0,21.0,,,12,R
MAG,1.0,MEDIUM,22.0,22.0,,,12,R
MAG,1.0,MEDIUM,23.0,23.0,,,12,R
MAG,1.0,MEDIUM,24.0,24.0,,,12,R
MAG,1.0,MEDIUM,25.0,25.0,,,12,R
MAG,1.0,MEDIUM,26.0,26.0,,,12,R
MAG,1.0,MEDIUM,27.0,27.0,0 days 01:41:03.244000,,12,R
MAG,2.0,INTERMEDIATE,1.0,28.0,,0 days 01:41:33.409000,12,R
MAG,2.0,INTERMEDIATE,2.0,29.0,,,12,R
MAG,2.0,INTERMEDIATE,3.0,30.0,,,12,R
MAG,2.0,INTERMEDIATE,4.0,31.0,,,12,R
MAG,2.0,INTERMEDIATE,5.0,32.0,,,12,R
MAG,2.0,INTERMEDIATE,6.0,33.0,,,12,R
MAG,2.0,INTERMEDIATE,7.0,34.0,,,12,R
MAG,2.0,INTERMEDIATE,8.0,35.0,,,12,R
MAG,2.0,INTERMEDIATE,9.0,36.0,,,12,R
MAG,2.0,INTERMEDIATE,10.0,37.0,0 days 01:58:45.121000,,12,R
MAG,3.0,SOFT,1.0,38.0,,0 days 01:59:15.005000,12,R
MAG,3.0,SOFT,2.0,39.0,,,12,R
MAG,3.0,SOFT,3.0,40.0,,,12,R
MAG,3.0,SOFT,4.0,41.0,,,12,R
MAG,3.0,SOFT,5.0,42.0,,,12,R
MAG,3.0,SOFT,6.0,43.0,,,12,R
MAG,3.0,SOFT,7.0,44.0,,,12,R
MAG,3.0,SOFT,8.0,45.0,,,12,R
MAG,3.0,SOFT,9.0,46.0,,,12,R
MAG,3.0,SOFT,10.0,47.0,,,12,R
MAG,3.0,SOFT,11.0,48.0,,,12,R
MAG,3.0,SOFT,12.0,49.0,,,12,R
MAG,3.0,SOFT,13.0,50.0,,,12,R
MAG,3.0,SOFT,14.0,51.0,,,12,R
MAG,3.0,SOFT,15.0,52.0,,,12,R
RIC,1.0,MEDIUM,1.0,1.0,,,12,R
RIC,1.0,MEDIUM,2.0,2.0,,,12,R
RIC,1.0,MEDIUM,3.0,3.0,,,12,R
RIC,1.0,MEDIUM,4.0,4.0,,,12,R
RIC,1.0,MEDIUM,5.0,5.0,,,12,R
RIC,1.0,MEDIUM,6.0,6.0,,,12,R
RIC,1.0,MEDIUM,7.0,7.0,,,12,R
RIC,1.0,MEDIUM,8.0,8.0,,,12,R
RIC,1.0,MEDIUM,9.0,9.0,,,12,R
RIC,1.0,MEDIUM,10.0,10.0,,,12,R
RIC,1.0,MEDIUM,11.0,11.0,,,12,R
RIC,1.0,MEDIUM,12.0,12.0,,,12,R
RIC,1.0,MEDIUM,13.0,13.0,,,12,R
RIC,1.0,MEDIUM,14.0,14.0,,,12,R
RIC,1.0,MEDIUM,15.0,15.0,,,12,R
RIC,1.0,MEDIUM,16.0,16.0,,,12,R
RIC,1.0,MEDIUM,17.0,17.0,,,12,R
RIC,1.0,MEDIUM,18.0,18.0,,,12,R
RIC,1.0,MEDIUM,19.0,19.0,,,12,R
RIC,1.0,MEDIUM,20.0,20.0,,,12,R
RIC,1.0,MEDIUM,21.0,21.0,,,12,R
RIC,1.0,MEDIUM,22.0,22.0,,,12,R
RIC,1.0,MEDIUM,23.0,23.0,,,12,R
RIC,1.0,MEDIUM,24.0,24.0,,,12,R
RIC,1.0,MEDIUM,25.0,25.0,,,12,R
RIC,1.0,MEDIUM,26.0,26.0,0 days 01:39:27.190000,,12,R
RIC,2.0,INTERMEDIATE,1.0,27.0,,0 days 01:39:56.001000,12,R
RIC,2.0,INTERMEDIATE,2.0,28.0,,,12,R
RIC,2.0,INTERMEDIATE,3.0,29.0,,,12,R
RIC,2.0,INTERMEDIATE,4.0,30.0,,,12,R
RIC,2.0,INTERMEDIATE,5.0,31.0,,,12,R
RIC,2.0,INTERMEDIATE,6.0,32.0,,,12,R
RIC,2.0,INTERMEDIATE,7.0,33.0,,,12,R
RIC,2.0,INTERMEDIATE,8.0,34.0,,,12,R
RIC,2.0,INTERMEDIATE,9.0,35.0,,,12,R
RIC,2.0,INTERMEDIATE,10.0,36.0,,,12,R
RIC,2.0,INTERMEDIATE,11.0,37.0,0 days 01:58:47.921000,,12,R
RIC,3.0,SOFT,1.0,38.0,,0 days 01:59:17.887000,12,R
RIC,3.0,SOFT,2.0,39.0,,,12,R
RIC,3.0,SOFT,3.0,40.0,,,12,R
RIC,3.0,SOFT,4.0,41.0,,,12,R
RIC,3.0,SOFT,5.0,42.0,,,12,R
RIC,3.0,SOFT,6.0,43.0,,,12,R
RIC,3.0,SOFT,7.0,44.0,,,12,R
RIC,3.0,SOFT,8.0,45.0,,,12,R
RIC,3.0,SOFT,9.0,46.0,,,12,R
RIC,3.0,SOFT,10.0,47.0,,,12,R
RIC,3.0,SOFT,11.0,48.0,,,12,R
RIC,3.0,SOFT,12.0,49.0,,,12,R
RIC,3.0,SOFT,13.0,50.0,,,12,R
RIC,3.0,SOFT,14.0,51.0,,,12,R
LEC,1.0,MEDIUM,1.0,1.0,,,12,R
LEC,1.0,MEDIUM,2.0,2.0,,,12,R
LEC,1.0,MEDIUM,3.0,3.0,,,12,R
LEC,1.0,MEDIUM,4.0,4.0,,,12,R
LEC,1.0,MEDIUM,5.0,5.0,,,12,R
LEC,1.0,MEDIUM,6.0,6.0,,,12,R
LEC,1.0,MEDIUM,7.0,7.0,,,12,R
LEC,1.0,MEDIUM,8.0,8.0,,,12,R
LEC,1.0,MEDIUM,9.0,9.0,,,12,R
LEC,1.0,MEDIUM,10.0,10.0,,,12,R
LEC,1.0,MEDIUM,11.0,11.0,,,12,R
LEC,1.0,MEDIUM,12.0,12.0,,,12,R
LEC,1.0,MEDIUM,13.0,13.0,,,12,R
LEC,1.0,MEDIUM,14.0,14.0,,,12,R
LEC,1.0,MEDIUM,15.0,15.0,,,12,R
LEC,1.0,MEDIUM,16.0,16.0,,,12,R
LEC,1.0,MEDIUM,17.0,17.0,,,12,R
LEC,1.0,MEDIUM,18.0,18.0,,,12,R
LEC,1.0,MEDIUM,19.0,19.0,0 days 01:27:54.908000,,12,R
LEC,2.0,INTERMEDIATE,1.0,20.0,,0 days 01:28:23.453000,12,R
LEC,2.0,INTERMEDIATE,2.0,21.0,,,12,R
LEC,2.0,INTERMEDIATE,3.0,22.0,,,12,R
LEC,2.0,INTERMEDIATE,4.0,23.0,,,12,R
LEC,2.0,INTERMEDIATE,5.0,24.0,,,12,R
LEC,2.0,INTERMEDIATE,6.0,25.0,,,12,R
LEC,2.0,INTERMEDIATE,7.0,26.0,,,12,R
LEC,2.0,INTERMEDIATE,8.0,27.0,0 days 01:42:21.352000,,12,R
LEC,3.0,INTERMEDIATE,1.0,28.0,,0 days 01:42:50.558000,12,R
LEC,3.0,INTERMEDIATE,2.0,29.0,,,12,R
LEC,3.0,INTERMEDIATE,3.0,30.0,,,12,R
LEC,3.0,INTERMEDIATE,4.0,31.0,,,12,R
LEC,3.0,INTERMEDIATE,5.0,32.0,,,12,R
LEC,3.0,INTERMEDIATE,6.0,33.0,,,12,R
LEC,3.0,INTERMEDIATE,7.0,34.0,,,12,R
LEC,3.0,INTERMEDIATE,8.0,35.0,,,12,R
LEC,3.0,INTERMEDIATE,9.0,36.0,,,12,R
LEC,3.0,INTERMEDIATE,10.0,37.0,0 days 01:59:44.116000,,12,R
LEC,4.0,SOFT,1.0,38.0,,0 days 02:00:13.195000,12,R
LEC,4.0,SOFT,2.0,39.0,,,12,R
LEC,4.0,SOFT,3.0,40.0,,,12,R
LEC,4.0,SOFT,4.0,41.0,,,12,R
LEC,4.0,SOFT,5.0,42.0,,,12,R
LEC,4.0,SOFT,6.0,43.0,,,12,R
LEC,4.0,SOFT,7.0,44.0,,,12,R
LEC,4.0,SOFT,8.0,45.0,,,12,R
LEC,4.0,SOFT,9.0,46.0,,,12,R
LEC,4.0,SOFT,10.0,47.0,,,12,R
LEC,4.0,SOFT,11.0,48.0,,,12,R
LEC,4.0,SOFT,12.0,49.0,,,12,R
LEC,4.0,SOFT,13.0,50.0,,,12,R
LEC,4.0,SOFT,14.0,51.0,,,12,R
BOT,1.0,MEDIUM,1.0,1.0,,,12,R
BOT,1.0,MEDIUM,2.0,2.0,,,12,R
BOT,1.0,MEDIUM,3.0,3.0,,,12,R
BOT,1.0,MEDIUM,4.0,4.0,,,12,R
BOT,1.0,MEDIUM,5.0,5.0,,,12,R
BOT,1.0,MEDIUM,6.0,6.0,,,12,R
BOT,1.0,MEDIUM,7.0,7.0,,,12,R
BOT,1.0,MEDIUM,8.0,8.0,,,12,R
BOT,1.0,MEDIUM,9.0,9.0,,,12,R
BOT,1.0,MEDIUM,10.0,10.0,,,12,R
BOT,1.0,MEDIUM,11.0,11.0,,,12,R
BOT,1.0,MEDIUM,12.0,12.0,,,12,R
BOT,1.0,MEDIUM,13.0,13.0,,,12,R
BOT,1.0,MEDIUM,14.0,14.0,,,12,R
BOT,1.0,MEDIUM,15.0,15.0,,,12,R
BOT,1.0,MEDIUM,16.0,16.0,,,12,R
BOT,1.0,MEDIUM,17.0,17.0,,,12,R
BOT,1.0,MEDIUM,18.0,18.0,,,12,R
BOT,1.0,MEDIUM,19.0,19.0,,,12,R
BOT,1.0,MEDIUM,20.0,20.0,,,12,R
BOT,1.0,MEDIUM,21.0,21.0,,,12,R
BOT,1.0,MEDIUM,22.0,22.0,,,12,R
BOT,1.0,MEDIUM,23.0,23.0,,,12,R
BOT,1.0,MEDIUM,24.0,24.0,,,12,R
BOT,1.0,MEDIUM,25.0,25.0,,,12,R
BOT,1.0,MEDIUM,26.0,26.0,0 days 01:39:45.423000,,12,R
BOT,2.0,INTERMEDIATE,1.0,27.0,,0 days 01:40:16.020000,12,R
BOT,2.0,INTERMEDIATE,2.0,28.0,,,12,R
BOT,2.0,INTERMEDIATE,3.0,29.0,,,12,R
BOT,2.0,INTERMEDIATE,4.0,30.0,,,12,R
BOT,2.0,INTERMEDIATE,5.0,31.0,,,12,R
BOT,2.0,INTERMEDIATE,6.0,32.0,,,12,R
BOT,2.0,INTERMEDIATE,7.0,33.0,,,12,R
BOT,2.0,INTERMEDIATE,8.0,34.0,,,12,R
BOT,2.0,INTERMEDIATE,9.0,35.0,,,12,R
BOT,2.0,INTERMEDIATE,10.0,36.0,,,12,R
BOT,2.0,INTERMEDIATE,11.0,37.0,0 days 01:59:09.116000,,12,R
BOT,3.0,SOFT,1.0,38.0,,0 days 01:59:40.628000,12,R
BOT,3.0,SOFT,2.0,39.0,,,12,R
BOT,3.0,SOFT,3.0,40.0,,,12,R
BOT,3.0,SOFT,4.0,41.0,,,12,R
BOT,3.0,SOFT,5.0,42.0,,,12,R
BOT,3.0,SOFT,6.0,43.0,,,12,R
BOT,3.0,SOFT,7.0,44.0,,,12,R
BOT,3.0,SOFT,8.0,45.0,,,12,R
BOT,3.0,SOFT,9.0,46.0,,,12,R
BOT,3.0,SOFT,10.0,47.0,,,12,R
BOT,3.0,SOFT,11.0,48.0,,,12,R
BOT,3.0,SOFT,12.0,49.0,,,12,R
BOT,3.0,SOFT,13.0,50.0,,,12,R
BOT,3.0,SOFT,14.0,51.0,,,12,R
OCO,1.0,SOFT,1.0,1.0,,,12,R
OCO,1.0,SOFT,2.0,2.0,,,12,R
OCO,1.0,SOFT,3.0,3.0,,,12,R
OCO,1.0,SOFT,4.0,4.0,,,12,R
OCO,1.0,SOFT,5.0,5.0,,,12,R
OCO,1.0,SOFT,6.0,6.0,,,12,R
OCO,1.0,SOFT,7.0,7.0,,,12,R
OCO,1.0,SOFT,8.0,8.0,,,12,R
OCO,1.0,SOFT,9.0,9.0,,,12,R
OCO,1.0,SOFT,10.0,10.0,,,12,R
OCO,1.0,SOFT,11.0,11.0,,,12,R
OCO,1.0,SOFT,12.0,12.0,,,12,R
OCO,1.0,SOFT,13.0,13.0,,,12,R
OCO,1.0,SOFT,14.0,14.0,,,12,R
OCO,1.0,SOFT,15.0,15.0,,,12,R
OCO,1.0,SOFT,16.0,16.0,,,12,R
OCO,1.0,SOFT,17.0,17.0,,,12,R
OCO,1.0,SOFT,18.0,18.0,,,12,R
OCO,1.0,SOFT,19.0,19.0,0 days 01:28:25.181000,,12,R
OCO,2.0,INTERMEDIATE,1.0,20.0,,0 days 01:28:53.720000,12,R
OCO,2.0,INTERMEDIATE,2.0,21.0,0 days 01:32:05.879000,,12,R
OCO,3.0,MEDIUM,1.0,22.0,,0 days 01:32:34.278000,12,R
OCO,3.0,MEDIUM,2.0,23.0,,,12,R
OCO,3.0,MEDIUM,3.0,24.0,,,12,R
OCO,3.0,MEDIUM,4.0,25.0,,,12,R
OCO,3.0,MEDIUM,5.0,26.0,0 days 01:41:00.845000,,12,R
OCO,4.0,INTERMEDIATE,1.0,27.0,,0 days 01:41:30.027000,12,R
OCO,4.0,INTERMEDIATE,2.0,28.0,,,12,R
OCO,4.0,INTERMEDIATE,3.0,29.0,,,12,R
OCO,4.0,INTERMEDIATE,4.0,30.0,,,12,R
OCO,4.0,INTERMEDIATE,5.0,31.0,,,12,R
OCO,4.0,INTERMEDIATE,6.0,32.0,,,12,R
OCO,4.0,INTERMEDIATE,7.0,33.0,,,12,R
OCO,4.0,INTERMEDIATE,8.0,34.0,,,12,R
OCO,4.0,INTERMEDIATE,9.0,35.0,,,12,R
OCO,4.0,INTERMEDIATE,10.0,36.0,,,12,R
OCO,4.0,INTERMEDIATE,11.0,37.0,,,12,R
OCO,4.0,INTERMEDIATE,12.0,38.0,0 days 02:01:56.244000,,12,R
OCO,5.0,MEDIUM,1.0,39.0,,0 days 02:02:25.298000,12,R
OCO,5.0,MEDIUM,2.0,40.0,,,12,R
OCO,5.0,MEDIUM,3.0,41.0,,,12,R
OCO,5.0,MEDIUM,4.0,42.0,,,12,R
OCO,5.0,MEDIUM,5.0,43.0,,,12,R
OCO,5.0,MEDIUM,6.0,44.0,,,12,R
OCO,5.0,MEDIUM,7.0,45.0,,,12,R
OCO,5.0,MEDIUM,8.0,46.0,,,12,R
OCO,5.0,MEDIUM,9.0,47.0,,,12,R
OCO,5.0,MEDIUM,10.0,48.0,,,12,R
OCO,5.0,MEDIUM,11.0,49.0,,,12,R
OCO,5.0,MEDIUM,12.0,50.0,,,12,R
PER,1.0,HARD,1.0,1.0,,0 days 00:58:28.260000,12,R
PER,1.0,HARD,2.0,2.0,,,12,R
PER,1.0,HARD,3.0,3.0,,,12,R
PER,1.0,HARD,4.0,4.0,,,12,R
PER,1.0,HARD,5.0,5.0,,,12,R
PER,1.0,HARD,6.0,6.0,,,12,R
PER,1.0,HARD,7.0,7.0,,,12,R
PER,1.0,HARD,8.0,8.0,,,12,R
PER,1.0,HARD,9.0,9.0,,,12,R
PER,1.0,HARD,10.0,10.0,,,12,R
PER,1.0,HARD,11.0,11.0,,,12,R
PER,1.0,HARD,12.0,12.0,,,12,R
PER,1.0,HARD,13.0,13.0,,,12,R
PER,1.0,HARD,14.0,14.0,,,12,R
PER,1.0,HARD,15.0,15.0,,,12,R
PER,1.0,HARD,16.0,16.0,,,12,R
PER,1.0,HARD,17.0,17.0,,,12,R
PER,1.0,HARD,18.0,18.0,,,12,R
PER,1.0,HARD,19.0,19.0,0 days 01:28:03.182000,,12,R
PER,2.0,INTERMEDIATE,1.0,20.0,,0 days 01:28:31.485000,12,R
PER,2.0,INTERMEDIATE,2.0,21.0,,,12,R
PER,2.0,INTERMEDIATE,3.0,22.0,,,12,R
PER,2.0,INTERMEDIATE,4.0,23.0,,,12,R
PER,2.0,INTERMEDIATE,5.0,24.0,,,12,R
PER,2.0,INTERMEDIATE,6.0,25.0,,,12,R
PER,2.0,INTERMEDIATE,7.0,26.0,,,12,R
PER,2.0,INTERMEDIATE,8.0,27.0,,,12,R
PER,2.0,INTERMEDIATE,9.0,28.0,0 days 01:44:16.811000,,12,R
PER,3.0,INTERMEDIATE,1.0,29.0,,0 days 01:44:49.177000,12,R
PER,3.0,INTERMEDIATE,2.0,30.0,,,12,R
PER,3.0,INTERMEDIATE,3.0,31.0,,,12,R
PER,3.0,INTERMEDIATE,4.0,32.0,,,12,R
PER,3.0,INTERMEDIATE,5.0,33.0,,,12,R
PER,3.0,INTERMEDIATE,6.0,34.0,,,12,R
PER,3.0,INTERMEDIATE,7.0,35.0,,,12,R
PER,3.0,INTERMEDIATE,8.0,36.0,,,12,R
PER,3.0,INTERMEDIATE,9.0,37.0,0 days 02:00:02.791000,,12,R
PER,4.0,MEDIUM,1.0,38.0,,0 days 02:00:31.987000,12,R
PER,4.0,MEDIUM,2.0,39.0,,,12,R
PER,4.0,MEDIUM,3.0,40.0,,,12,R
PER,4.0,MEDIUM,4.0,41.0,,,12,R
PER,4.0,MEDIUM,5.0,42.0,,,12,R
PER,4.0,MEDIUM,6.0,43.0,,,12,R
PER,4.0,MEDIUM,7.0,44.0,,,12,R
PER,4.0,MEDIUM,8.0,45.0,,,12,R
PER,4.0,MEDIUM,9.0,46.0,,,12,R
PER,4.0,MEDIUM,10.0,47.0,0 days 02:15:42.430000,,12,R
PER,5.0,SOFT,1.0,48.0,,0 days 02:16:11.325000,12,R
PER,5.0,SOFT,2.0,49.0,,,12,R
PER,5.0,SOFT,3.0,50.0,,,12,R
ZHO,1.0,SOFT,1.0,1.0,,,12,R
ZHO,1.0,SOFT,2.0,2.0,,,12,R
ZHO,1.0,SOFT,3.0,3.0,,,12,R
ZHO,1.0,SOFT,4.0,4.0,,,12,R
ZHO,1.0,SOFT,5.0,5.0,,,12,R
ZHO,1.0,SOFT,6.0,6.0,,,12,R
ZHO,1.0,SOFT,7.0,7.0,,,12,R
ZHO,1.0,SOFT,8.0,8.0,,,12,R
ZHO,1.0,SOFT,9.0,9.0,,,12,R
ZHO,1.0,SOFT,10.0,10.0,,,12,R
ZHO,1.0,SOFT,11.0,11.0,,,12,R
ZHO,1.0,SOFT,12.0,12.0,0 days 01:17:10.690000,,12,R
ZHO,2.0,MEDIUM,1.0,13.0,,0 days 01:17:39.833000,12,R
ZHO,2.0,MEDIUM,2.0,14.0,,,12,R
ZHO,2.0,MEDIUM,3.0,15.0,,,12,R
ZHO,2.0,MEDIUM,4.0,16.0,,,12,R
ZHO,2.0,MEDIUM,5.0,17.0,,,12,R
ZHO,2.0,MEDIUM,6.0,18.0,,,12,R
ZHO,2.0,MEDIUM,7.0,19.0,0 days 01:28:49.813000,,12,R
ZHO,3.0,INTERMEDIATE,1.0,20.0,,0 days 01:29:19.709000,12,R
ZHO,3.0,INTERMEDIATE,2.0,21.0,,,12,R
ZHO,3.0,INTERMEDIATE,3.0,22.0,,,12,R
ZHO,3.0,INTERMEDIATE,4.0,23.0,,,12,R
ZHO,3.0,INTERMEDIATE,5.0,24.0,,,12,R
ZHO,3.0,INTERMEDIATE,6.0,25.0,,,12,R
ZHO,3.0,INTERMEDIATE,7.0,26.0,0 days 01:41:42.992000,,12,R
ZHO,4.0,INTERMEDIATE,1.0,27.0,,0 days 01:42:12.065000,12,R
ZHO,4.0,INTERMEDIATE,2.0,28.0,,,12,R
ZHO,4.0,INTERMEDIATE,3.0,29.0,,,12,R
ZHO,4.0,INTERMEDIATE,4.0,30.0,,,12,R
ZHO,4.0,INTERMEDIATE,5.0,31.0,,,12,R
ZHO,4.0,INTERMEDIATE,6.0,32.0,,,12,R
ZHO,4.0,INTERMEDIATE,7.0,33.0,,,12,R
ZHO,4.0,INTERMEDIATE,8.0,34.0,,,12,R
ZHO,4.0,INTERMEDIATE,9.0,35.0,,,12,R
ZHO,4.0,INTERMEDIATE,10.0,36.0,,,12,R
ZHO,4.0,INTERMEDIATE,11.0,37.0,0 days 02:01:04.272000,,12,R
ZHO,5.0,SOFT,2.0,38.0,,0 days 02:01:37.255000,12,R
ZHO,5.0,SOFT,3.0,39.0,,,12,R
ZHO,5.0,SOFT,4.0,40.0,,,12,R
ZHO,5.0,SOFT,5.0,41.0,,,12,R
ZHO,5.0,SOFT,6.0,42.0,,,12,R
ZHO,5.0,SOFT,7.0,43.0,,,12,R
ZHO,5.0,SOFT,8.0,44.0,,,12,R
ZHO,5.0,SOFT,9.0,45.0,,,12,R
ZHO,5.0,SOFT,10.0,46.0,,,12,R
ZHO,5.0,SOFT,11.0,47.0,,,12,R
ZHO,5.0,SOFT,12.0,48.0,,,12,R
ZHO,5.0,SOFT,13.0,49.0,,,12,R
ZHO,5.0,SOFT,14.0,50.0,,,12,R
RUS,1.0,MEDIUM,1.0,1.0,,,12,R
RUS,1.0,MEDIUM,2.0,2.0,,,12,R
RUS,1.0,MEDIUM,3.0,3.0,,,12,R
RUS,1.0,MEDIUM,4.0,4.0,,,12,R
RUS,1.0,MEDIUM,5.0,5.0,,,12,R
RUS,1.0,MEDIUM,6.0,6.0,,,12,R
RUS,1.0,MEDIUM,7.0,7.0,,,12,R
RUS,1.0,MEDIUM,8.0,8.0,,,12,R
RUS,1.0,MEDIUM,9.0,9.0,,,12,R
RUS,1.0,MEDIUM,10.0,10.0,,,12,R
RUS,1.0,MEDIUM,11.0,11.0,,,12,R
RUS,1.0,MEDIUM,12.0,12.0,,,12,R
RUS,1.0,MEDIUM,13.0,13.0,,,12,R
RUS,1.0,MEDIUM,14.0,14.0,,,12,R
RUS,1.0,MEDIUM,15.0,15.0,,,12,R
RUS,1.0,MEDIUM,16.0,16.0,,,12,R
RUS,1.0,MEDIUM,17.0,17.0,,,12,R
RUS,1.0,MEDIUM,18.0,18.0,,,12,R
RUS,1.0,MEDIUM,19.0,19.0,,,12,R
RUS,1.0,MEDIUM,20.0,20.0,,,12,R
RUS,1.0,MEDIUM,21.0,21.0,,,12,R
RUS,1.0,MEDIUM,22.0,22.0,,,12,R
RUS,1.0,MEDIUM,23.0,23.0,,,12,R
RUS,1.0,MEDIUM,24.0,24.0,,,12,R
RUS,1.0,MEDIUM,25.0,25.0,,,12,R
RUS,1.0,MEDIUM,26.0,26.0,,,12,R
RUS,1.0,MEDIUM,27.0,27.0,0 days 01:40:23.995000,,12,R
RUS,2.0,INTERMEDIATE,1.0,28.0,,0 days 01:40:56.134000,12,R
RUS,2.0,INTERMEDIATE,2.0,29.0,,,12,R
RUS,2.0,INTERMEDIATE,3.0,30.0,,,12,R
RUS,2.0,INTERMEDIATE,4.0,31.0,,,12,R
RUS,2.0,INTERMEDIATE,5.0,32.0,,,12,R
RUS,2.0,INTERMEDIATE,6.0,33.0,0 days 01:50:59.953000,,12,R
GAS,1.0,MEDIUM,1.0,1.0,,,12,R
